{
  "Get All Events" : {
    "transaction" : "Get All Events",
    "sampleCount" : 3939,
    "errorCount" : 0,
    "errorPct" : 0.0,
    "meanResTime" : 216.54531607006808,
    "medianResTime" : 175.0,
    "minResTime" : 34.0,
    "maxResTime" : 772.0,
    "pct1ResTime" : 438.0,
    "pct2ResTime" : 519.0,
    "pct3ResTime" : 631.1999999999998,
    "throughput" : 15.7661534027914,
    "receivedKBytesPerSec" : 100.12431208823483,
    "sentKBytesPerSec" : 4.880733035825071
  },
  "Total" : {
    "transaction" : "Total",
    "sampleCount" : 11817,
    "errorCount" : 0,
    "errorPct" : 0.0,
    "meanResTime" : 234.6990776000675,
    "medianResTime" : 191.0,
    "minResTime" : 2.0,
    "maxResTime" : 918.0,
    "pct1ResTime" : 495.0,
    "pct2ResTime" : 578.0,
    "pct3ResTime" : 714.0,
    "throughput" : 47.189476710753304,
    "receivedKBytesPerSec" : 112.69601289703932,
    "sentKBytesPerSec" : 15.065091843422545
  },
  "Login" : {
    "transaction" : "Login",
    "sampleCount" : 3946,
    "errorCount" : 0,
    "errorPct" : 0.0,
    "meanResTime" : 232.03699949315748,
    "medianResTime" : 191.0,
    "minResTime" : 51.0,
    "maxResTime" : 880.0,
    "pct1ResTime" : 469.3000000000002,
    "pct2ResTime" : 564.0,
    "pct3ResTime" : 687.5899999999992,
    "throughput" : 15.778382895689134,
    "receivedKBytesPerSec" : 6.841408208677711,
    "sentKBytesPerSec" : 3.9291871468757122
  },
  "RSVP" : {
    "transaction" : "RSVP",
    "sampleCount" : 3932,
    "errorCount" : 0,
    "errorPct" : 0.0,
    "meanResTime" : 255.5567141403868,
    "medianResTime" : 214.0,
    "minResTime" : 2.0,
    "maxResTime" : 918.0,
    "pct1ResTime" : 555.0,
    "pct2ResTime" : 639.0,
    "pct3ResTime" : 764.0,
    "throughput" : 15.751753644495901,
    "receivedKBytesPerSec" : 5.988894534207585,
    "sentKBytesPerSec" : 6.291471914647288
  }
}